,link ,titile ,published at ,view,like count,commnet count,Unnamed: 6
0,WatXucJcTgY,Ujjwal Bikram Thapa | Paradygm Podcasts | 057,2024-01-09T12:15:02Z,19760,1040.0,115,
1,PI_HD5_gz6E,Yash Kumar !! Biswa Limbu Podcast Ep 208 @yashkumar1116,2024-01-09T12:01:44Z,23719,1209.0,106,
2,j-I2ipptuZA,Episode 211: Ramchandra Shrestha | Escaping To Nepal from Russia Army | Sushant Pradhan Podcast,2023-12-13T13:30:30Z,170253,2548.0,527,
3,HiRrXN9u40Y,On Air With Sanjay #408 - Dalip Tahil,2023-12-27T12:15:02Z,178623,7542.0,289,
4,XJshM7iB-5Y,"Episode 204: Random Nepali |TikTok Ban, Freedom Of Speech, Media Narratives |Sushant Pradhan Podcast",2023-11-21T12:15:03Z,100088,2165.0,193,
5,Iw1n0l9dVGQ,THE LAST QUESTION WITH PRIYANKA KARKI,2023-12-03T12:15:10Z,498365,12069.0,722,
6,dEy1e6NLktI,"Episode 198: Gyanendra Shahi | Monarchy, MCC, Economy, Religion, Fundings |Sushant Pradhan Podcast",2023-10-31T12:15:03Z,159298,2888.0,771,
7,dCZn3JC4Evs,Naresh Bhattarai !! Nepali Podcast with Biswa Limbu ep 185,2023-11-10T13:49:30Z,107585,3234.0,240,
8,1siSl1-6MDg,DAYAHANG RAI || ????????-PODCAST with ????? ??????? || Episode 29,2024-01-05T13:15:00Z,11115,365.0,48,
9,ky4gGUBtArA,Rojina Basnet !! Voice of Nepal Talent !! Biswa Limbu Podcast Ep 199,2023-12-18T14:14:39Z,57580,3247.0,329,
10,QJd1sYMTMHE,Is MONARCHY the Freedom that Nepal Really Needs? @INDepthStory &amp; @TheNepaliComment Explains,2023-11-26T15:39:13Z,109625,3242.0,354,
11,u8L8_FpM1k0,OMG SPARK - REALITY OF MUSIC INDUSTRY [EP. 69] | NEPALI PODCAST | BREAKSTATION,2024-01-04T13:15:09Z,1814,122.0,12,
12,exZqVWDWV1g,On Air With Sanjay #341 - Shrinkhala Khatiwada,2023-07-21T12:15:06Z,551630,12570.0,1840,
13,_W5mEZa6ftA,THE LAST QUESTION WITH UTSAV SAPKOTA AND KSHITIZ KC,2023-12-20T12:15:10Z,133258,3040.0,409,
14,ywQjsxy-l9k,"Samikshya Adhikari - Controversy, Anxiety, Life Story, and More! Stories with Sujan | E1",2024-01-01T11:36:18Z,63213,1966.0,326,
15,ZpCz0ehsElM,On Air With Sanjay #409 - Anoop Bikram Shahi,2023-12-30T03:15:01Z,41207,1001.0,81,
16,fOa7KLXH3CU,Dr Yogi Vikasananda!! Biswa Limbu Podcast Ep 200,2023-12-20T07:15:16Z,61563,2115.0,132,
17,ojUigJvHvLs,Upasna Singh Thakuri ll Biswa Limbu Podcast Episode 204 ll Biswa Limbu,2024-01-02T08:06:39Z,52322,1989.0,127,
18,Zqv4ujONbKg,Dr Yogi Vikasananda !! Nepali Podcast with Biswa Limbu ep 167,2023-09-13T12:05:19Z,138183,4149.0,311,
19,vUlWuEZnW-I,"Episode 217: Raj Kharel | Local &amp; World Economy, Developmental Models | Sushant Pradhan Podcast",2024-01-05T12:15:06Z,12767,193.0,37,
20,zEQOZCrrzp0,THE LAST QUESTION WITH ??SANDIP CHHETRI,2023-11-05T12:15:10Z,346429,8735.0,350,
21,M6AjopKmnhs,Smita Pradhan !! Voice of Nepal Talent !! Biswa Limbu Podcast 198,2023-12-16T12:34:26Z,85311,3778.0,254,
22,xFMANH_eUNw,SUMAN KARKI ? DIMAG KHARAB? NEPALI PODCAST WITH BISWA LIMBU EP 184,2023-11-08T11:47:23Z,58897,1785.0,92,
23,wnr_Bpdg-I0,On Air With Sanjay #397 - Apoorwa Kshitiz Singh and Lawyers,2023-11-29T14:15:04Z,66875,1630.0,331,
24,t0rZzU65CRo,Sujan Zimba? Nepali Podcast with Biswa Limbu Ep 144,2023-07-27T08:36:01Z,122942,3751.0,164,
25,UQBWAuoppkw,On Air With Sanjay #114 - Balen Shah,2022-02-05T01:10:16Z,2404559,50266.0,3230,
26,_yNFEBdIRgM,On Air With Sanjay #379 - Bipin Karki,2023-10-16T12:15:05Z,119315,1707.0,92,
27,2tqyQwjhjIY,Ashish Chaudhari (National Footballer) Nepali Podcast with Biswa Limbu ep 145,2023-07-29T14:45:47Z,48308,3018.0,255,
28,g_CHnCdio-g,URGEN - GROWTH &amp; REALIZATION [EP. 68] | NEPALI PODCAST | BREAKSTATION,2023-12-10T13:15:02Z,3096,196.0,10,
29,pyhkB794fyE,"Episode 195: Avash Ghimire | Sports in Nepal, Match-fixing, Betting, Doping|Sushant Pradhan Podcast",2023-10-20T12:45:24Z,37744,718.0,39,
30,oFry27Z7rNw,Suraj Singh Thakuri ll Nepali Podcast with Biswa Limbu ep 91,2023-03-21T17:20:26Z,120506,3302.0,211,
31,PXqbE7el35E,"Episode 164: Utsav Sapkota &amp; Kshitiz KC | Adhipurush, Youths, Politics | Sushant Pradhan Podcast",2023-07-04T12:15:01Z,669081,4898.0,506,
32,MjrIj1Wjh5A,"Episode 218: Dr. Sadananda Paudel | Parbati&#39;s Birthplace, Religion, Beliefs |Sushant Pradhan Podcast",2024-01-09T12:15:02Z,9512,140.0,36,
33,116rYJPUi8g,On Air With Sanjay #396 - Eva Giri &amp; Roneeshma Shrestha,2023-11-28T15:15:00Z,16790,331.0,98,
34,K4m_pZZKmFM,Afsana Miya !! How Actress Afsana became Hindu to Muslim? Nepali Podcast with Biswa Limbu ep 165,2023-09-10T15:23:29Z,179713,5056.0,430,
35,b0CPbnMdLUQ,Balen Shah | Paradygm Podcasts | 025,2022-05-03T12:22:32Z,1039105,29484.0,1181,
36,7krSnSKOXEc,"Episode 181: Prof. Dr. Yubaraj Sangroula | MCC, Religion, Conspiracies | Sushant Pradhan Podcast",2023-09-01T12:15:00Z,425347,4633.0,518,
37,LRybqxy9H30,"Episode 127: Raj Suwal | Tantra, Mantra, Intellectual Property Rights | Sushant Pradhan Podcast",2023-02-17T12:15:01Z,191240,1122.0,183,
38,808QD05WB4o,The Last Question With Sujan Zimba and Bishal Gautam,2023-09-05T13:15:11Z,415701,12771.0,574,
39,X2D9ZqniXAg,SITUATION OF NEPAL(WSO) |SUZTA |ASHISTA |BINAYAK @WhySoOffended#014 #negative #comments,2023-11-24T12:15:02Z,11553,212.0,26,
40,ssHj1TYn4LA,On Air With Sanjay #405 - Amun Thapa,2023-12-19T12:15:03Z,19594,157.0,14,
41,du4YX3e9APQ,On Air With Sanjay #407 - Save The Children Nepal,2023-12-25T12:15:02Z,4239,122.0,13,
42,9YyHLi6z7co,Samarpan Lama!! Indias Best Dancer ?Biswa Limbu Podcast ep 188,2023-11-21T12:49:48Z,191679,8847.0,340,
43,wHIr6-75rQI,NISCHAL BASNET ? DIMAG KHARAB? NEPALI PODCAST WITH BISWA LIMBU EP 182,2023-10-30T13:46:45Z,34427,1081.0,74,
44,X-daB_unL0I,On Air With Sanjay #384 - Sajjan Raj Vaidya Returns!,2023-10-30T16:15:02Z,116622,3218.0,178,
45,vrVGStqg7XY,ANJU PANTA!! NEPALI PODCAST WITH BISWA LIMBU EP 124,2023-06-07T12:01:29Z,64684,2743.0,368,
46,a7A1--itGco,Dona Thapa Chocolaty Boy(Chatar Chatar) ? Nepali Podcast with Biswa Limbu Ep 79,2023-02-23T13:25:30Z,149186,8115.0,458,
47,wmrU0bciWmg,Most Mysterious INDIA-NEPAL murd*r case - Explained,2023-12-08T12:45:10Z,208461,7561.0,324,
48,O4D2YLaeba8,THE LAST QUESTION WITH SAMARPAN LAMA,2023-12-08T12:15:08Z,749581,31102.0,857,
49,2jbgPI66Wgg,On Air With Sanjay #372 - Deepak Raj Giri,2023-09-29T12:36:43Z,244105,2319.0,273,
50,BpB3w3WdAk0,Aajako Rashifal Poush 27 || January 12 2024 || Today Horoscope aries to pisces| aajako rashifal,2024-01-11T11:58:44Z,38637,2938.0,139,
51,3H0iXP_Z4vk,?? ???????? ???? ?????? | INDIAN ASTROLOGY | ASSAMESE ASTROLOGY | ASTROLOGY IN ASSAMESE,2024-01-11T23:28:00Z,33327,3726.0,180,
52,lah7xgDnFb0,Assamese aji rashifal 12 January Indian astrology Assamese Astrology Daily Rakhifol rashifal today,2024-01-11T22:45:06Z,7917,726.0,38,
53,tKRymn-3LK0,12 ????? 2024 ?????? ???? ????/Vrishabh Rashi/Aaj Vrishabh Rashifal/ Vrishabh 12 January/Taurus,2024-01-11T12:52:00Z,18806,1013.0,73,
54,wS-TCBFQJgU,12 January 2024 Horoscope: Astrology Predictions and Guidance for Your Day | Today Horoscope,2024-01-11T12:05:49Z,3452,295.0,23,
55,FpSMKQYk4d4,12 JANUARY | DAINIK /Aaj ka RASHIFAL | Daily /Today Horoscope | Bhavishyafal in Hindi Vaibhav Vyas,2024-01-11T13:30:07Z,5516,491.0,29,
56,IyaeDolJEWo,12 ????? 2024 ???? ????/Tula Rashi/Aaj Tula Rashifal/Tula 12 January/Libra Horoscope,2024-01-11T12:55:52Z,35664,1266.0,45,
57,FujtyOszqes,????? ?????? | Daily Rashifal 12 January 2024 ? ????? ???? ?????????? ??????? Astrologer-Dr.K.C.Pal,2024-01-11T11:41:58Z,7019,601.0,7,
58,v0UkIifcyh4,???? ???? 12 ????? 2024| Aaj ka kumbh rashifal| kumbh rashi 12 january 2024| KB Rashifal,2024-01-11T10:01:01Z,14084,540.0,37,
59,1--AYHplpqk,12 Jan 2024 - AAJ KA RASHIFAL | ?? ?? ?????? | Dainik Rashifal | Aries To Pisces Today Horoscope,2024-01-11T12:33:00Z,5244,609.0,15,
60,YI8baQ_vM20,Aaj Ka Rashifal | 12 January 2024 | ?? ?? ?????? | Today horoscope in Hindi | Dharma Live,2024-01-11T11:30:12Z,2409,290.0,29,
61,mfQvvKmKBt4,Aaj ka Rashifal 12 Jan 2024 Friday Aries to Pisces today horoscope in Hindi Daily/DainikRashifal,2024-01-11T14:51:36Z,13791,773.0,34,
62,VoxroZTqKXk,Aajako Rashifal Poush 19 || January 4 2024 || Today&#39;s Horoscope aries to pisces| aajako rashifal,2024-01-03T11:57:04Z,44606,3158.0,118,
63,S8HQ0RwIKpM,Aajako Rashifal Poush 20 || January 5 2024 || Today Horoscope aries to pisces| aajako rashifal,2024-01-04T11:48:08Z,57372,3559.0,121,
64,IO7sLwDd_Wo,Assamese daily rashifal | Assamese astrology | astrology in Assamese | Indian astrology | 12January,2024-01-11T22:30:12Z,6096,317.0,11,
65,_nGya5RdlGQ,Aajako Rashifal Poush 22 || January 7 2024 || Today Horoscope aries to pisces| aajako rashifal,2024-01-06T11:51:41Z,46334,3260.0,135,
66,NaHJc017THM,Aajako Rashifal Poush 18 || January 3 2024 || Today Horoscope aries to pisces| aajako rashifal,2024-01-02T11:55:07Z,57249,3539.0,125,
67,3-jIwbLqj9s,Ajker Rashifal 12 January 2024 | bangla rashifal | #??????????? | Rashifal today | Aaj ka rashifal,2024-01-11T13:19:00Z,4023,167.0,3,
68,V-2fQunQ24o,Aajako Rashifal Poush 25 || January 10 2024 || Today&#39;s Horoscope aries to pisces| aajako rashifal,2024-01-09T12:16:03Z,50677,3471.0,120,
69,jXG6BEpyd8E,Aajako Rashifal Poush 23 || January 8 2024 || Today&#39;s Horoscope aries to pisces| aajako rashifal,2024-01-07T12:10:16Z,53904,3488.0,135,
70,TgWBgSjz_6Y,Aajako Rashifal Poush 17 || January 2 2024 || Today&#39;s Horoscope aries to pisces| aajako rashifal,2024-01-01T11:46:26Z,50114,3236.0,140,
71,PhRFQY5aaQs,Aaj ka Rashifal 3 January 2024 Wednesday Aries to Pisces today horoscope in Hindi,2024-01-02T22:30:04Z,46575,2025.0,195,
72,uT6z2UC8T4M,Aajako Rashifal Poush 24 || January 9 2024 || Today Horoscope aries to pisces| aajako rashifal,2024-01-08T12:18:00Z,55095,3540.0,129,
73,22-INfqk0BU,Aajako Rashifal Poush 15 || December 31 2023 || Today&#39;s Horoscope aries to pisces| aajako rashifal,2023-12-30T11:55:37Z,48529,3154.0,115,
74,0q1L5O0glP4,Aajako Rashifal Poush 13 || December 29 2023 || Today&#39;s Horoscope aries to pisces| aajako rashifal,2023-12-28T12:05:22Z,53640,3581.0,126,
75,Zi3Ry-lajSE,12 ????? 2024 | ?? ?? ?????? | ??? ?????? ?? ?????????? | Kamal NandLal | Astro Tak,2024-01-11T10:12:51Z,24238,741.0,10,
76,vyg9TNxZnqA,??? ???? 12 ????? ???????? | Dhanu Rashi 12 January 2024 | Aaj Ka Dhanu Rashifal Horoscope,2024-01-11T12:50:15Z,6542,320.0,14,
77,PpOM0T4c84U,Aaj ka Rashifal 9 January 2024 Tuesday Aries to Pisces today horoscope in Hindi,2024-01-08T22:30:02Z,55958,2263.0,222,
78,5cRDrXPcXYg,Aaj ka Rashifal 02 January 2024 Aries to Pisces today horoscope in Hindi #astrofriend #astrology,2024-01-01T10:30:01Z,33226,2157.0,95,
79,WnUy3c9w4io,AAJ KA RASHIFAL | 05 January 2024 | ?? ?? ?????? | Tomorrow Horoscope | Kamal Shrimali Rashifal,2024-01-04T13:00:23Z,35636,1842.0,47,
80,UADEDeYq70A,????? ???? 3 ????? ?????? | Kumbh Rashi 3 January 2024 | Aaj Ka Kumbh Rashifal,2024-01-02T13:25:56Z,30038,1122.0,44,
81,OQGAJvaCIkI,Aajako Rashifal Poush 6 || December 22 2023 || Today Horoscope aries to pisces| aajako rashifal,2023-12-21T12:16:24Z,45726,3147.0,127,
82,BQEjKVqNPxA,????? 2024 ??????: ???? ????? ??? ??? ?? ???? ????? ??? 12 ??????? ?? ??? ????? ????????? Astrology,2024-01-01T13:22:48Z,115191,2205.0,72,
83,XuWmaWOlhBA,Aaj ka Rashifal 8 January 2024 Monday Aries to Pisces today horoscope in Hindi,2024-01-07T22:30:03Z,54434,2201.0,194,
84,RCbwBWAncuA,Aaj ka Rashifal 1 January 2024 Monday Aries to Pisces today horoscope in Hindi,2023-12-31T22:30:02Z,48896,2272.0,283,
85,vhfG71dk3ck,Aajako Rashifal Poush 12 || December 28 2023 || Today Horoscope aries to pisces| aajako rashifal,2023-12-27T13:00:02Z,48256,3347.0,125,
86,6l-Ts8RE5J8,Aajako Rashifal Poush 7 || December 23 2023 || Today&#39;s Horoscope aries to pisces| aajako rashifal,2023-12-22T12:17:04Z,40787,2932.0,110,
87,XZsIf9WHmZA,12 January rashifal 2024/ Assamese rashifal 2024/Today Assamese Rakhifol/Ajir Rakhi fol/Assamese /,2024-01-11T23:10:25Z,999,84.0,2,
88,Ifj9kZn58nk,Aaj ka Rashifal 6 January 2024 Saturday Aries to Pisces today horoscope in Hindi,2024-01-05T22:30:02Z,48739,2153.0,202,
89,u17_C3MRyp0,Aajako Rashifal Poush 4 || December 20 2023 || Today Horoscope aries to pisces| aajako rashifal,2023-12-19T12:16:06Z,50373,3352.0,137,
90,W4uZKofoq0o,Aajako Rashifal Mangsir 29 || December 15 2023 || Today&#39;s Horoscope aries to pisces| aajako rashifal,2023-12-14T12:16:30Z,47144,3257.0,130,
91,P5e7XDL65qA,????????? ????? ??? 2024 ??? ??? ???? ????? ?? ?????? ?????? | Shailendra Pandey | Astro Tak,2023-12-30T11:30:08Z,1226026,19784.0,495,
92,lOdEoR8duUU,Aajako Rashifal Poush 18 | Today&#39;s Horoscope 3 January 2024 || aajako rashifal || rashifal today,2024-01-02T12:27:03Z,29936,1733.0,64,
93,DEXGtZIHX3Y,Aajako Rashifal Poush 1 || December 17 2023 || Today&#39;s Horoscope aries to pisces| aajako rashifal,2023-12-16T12:17:29Z,50038,3364.0,149,
94,6plSCUIcqqA,Aajako Rashifal Poush 19 || January 4 2024 || Today Horoscope aries to pisces| aaj ka rashifal,2024-01-03T11:15:00Z,21159,1181.0,82,
95,l7mKnKLbFC0,AAJ KA RASHIFAL | 10 January 2024 | ?? ?? ?????? | Tomorrow Horoscope | Kamal Shrimali Rashifal,2024-01-09T14:00:29Z,36474,1985.0,55,
96,2BDTwyKRQeY,Aaj ka Rashifal 7 January 2024 Sunday Aries to Pisces today horoscope in Hindi,2024-01-06T22:30:00Z,49681,2118.0,204,
97,LV7Z4wiY7JA,?? ?? ?????? 12 January 2024 AAJ KA RASHIFAL Gurumantra-Today Horoscope || Paramhans Daati Maharaj,2024-01-11T14:00:11Z,18604,1380.0,62,
98,-9SvPkNQhuQ,AAJ KA RASHIFAL | 5 January 2024 Friday | ??? ?? ??? ?????? | Today Horoscope | Suresh Shrimali,2024-01-04T14:00:00Z,26297,1558.0,116,
99,QR6lCWJhi_E,The Richest Man in Babylon: Full Audiobook |????????? ??? ????? : Nepali Audiobook |George S. Clason,2021-07-25T11:10:10Z,94322,2092.0,67,
100,lzcccvneBwk,???????????????? ?????? ? - ?? ?????? ?????? - Full Audiobook by Saigrace,2021-08-01T15:48:16Z,903992,21291.0,1105,
101,tMfLEI4d07w,?????? ??????? ????? ????? ??????: Full Audiobook | | The Power of Your Subconscious Mind,2020-12-23T06:45:15Z,286752,5873.0,214,
102,AxKkzXwlI8I,??? ???? ?? ??? ?? ?????? ????????? | | Who Moved My Cheese Full Audiobook,2023-05-26T14:39:42Z,14120,462.0,19,
103,_LC5X_RKwVY,Khusi Nepali Audiobook-Part 1: Vijaya Kumar | | Pawan Khadka,2021-11-27T13:53:09Z,72657,1278.0,37,
104,HDIhepZJPsE,??????? || Sugandha Full Nepali Story Audiobook || Achyut Ghimire,2020-03-21T11:33:47Z,144635,1428.0,39,
105,_68h540VWqc,??????????? ?????? Motivational Nepali Audio Book,2023-11-10T15:07:01Z,6506,67.0,1,
106,61FUwn8cADc,Youn Katha | Audio Book Nepali | Achyut Ghimire,2023-06-05T05:11:15Z,93273,741.0,5,
107,dyA5SPrjee4,????? - Audio Novel Book of Subin Bhattarai - Full Part,2022-09-22T15:41:40Z,642212,10937.0,1058,
108,SftO9WGGNVQ,Sakhi | ??? | Full Novel Audiobook | New Nepali Novel | Ram Lal Joshi | Achyut Ghimire,2021-10-17T04:57:35Z,44098,612.0,25,
109,sNts-A327DQ,|| ??? ???? ???? ???? || Rich Dad Poor Dad || Audiobook in Nepali.,2022-10-16T11:31:35Z,16523,352.0,11,
110,fmfBcJctWCk,HOW TO WIN FRIENDS -Full Audio Book Nepali/?? ??????? ?????? ?????? ?????/Dale Carnegie,2020-01-29T03:26:23Z,253821,5549.0,312,
111,bi-aYJlhwVM,Nepali Novel Damini Bheer | Full Audio | ????? ??? - ???? ??????? | Shruti Sambeg | Achyut Ghimire,2021-04-19T13:15:01Z,128798,1468.0,41,
112,9ZkudDoeHNQ,????? || Paheli Full Nepali Novel Audiobook || Vishnu S. Rai || Achyut Ghimire,2020-03-22T09:45:52Z,505810,5695.0,317,
113,MCVrztMZB8U,Think and Grow Rich Full Audio Book Nepali/??? ?????? ???? ????? ?????? /Napoleon Hill Book,2020-04-26T09:31:38Z,309008,6632.0,295,
114,KrOD0KKlGGU,Eat That Frog Full Nepali Audiobook/??????? ???? ??? ??????? ?????/Brian Tracy,2020-07-21T15:10:05Z,388689,5823.0,274,
115,fguWSEWtpXc,????? ????? - Nepali Story -Saigrace Sanga Mann Ka Katha EP- 94,2023-04-28T14:38:27Z,266122,6387.0,857,
116,fWIingtHBzY,??????? - Audio Novel Book - Full Episode,2023-04-29T14:48:35Z,737628,6246.0,562,
117,3rB8Rjn-zRQ,Muna Madan || ???? ??? || ????????????? ??????? || Nepali Audiobook || Nepali Storyteller ||Rj Samir,2021-01-30T12:42:57Z,133604,2650.0,83,
118,N8j_kMJpioM,Maiya | Nirdosh Jiwan | Narrated by Achyut Ghimire New Audiobook Available in Audib Application,2021-05-21T05:31:59Z,175100,2210.0,62,
119,1Fo7SIHyw1E,China Harayeko Manche Full AudioBook - Hari Bamsa Acharya | ???? ?????? ?????? - ?????? ??????,2020-08-06T12:15:55Z,418922,5131.0,154,
120,5ZHjgKV5qSE,Full Audiobook: ?????? ???? ???? (1-18) | ?????? ?????? | Shreemad Bhagwat Geeta | Nepali Language,2021-04-16T11:19:30Z,1830712,39032.0,1325,
121,hQbibfL9h10,Subarnalata | ????????? | Nepali Novel audio book by Malika Keshari | ?????? ?????` || Full Epiosod,2020-11-17T14:12:28Z,20493,217.0,10,
122,DT13AFNAey4,??????? ???? - Audio Novel Book - Full Part,2023-12-03T12:07:18Z,231933,3440.0,252,
123,UXZa4SAiOOU,Hitler ra Yahudi by Bisheshwor Prasad Koirala(Full); Nepali Audiobook,2021-09-30T15:00:13Z,10229,126.0,23,
124,cyJi2Zbbq3g,The Alchemist by Paulo Coelho in Nepali (????????) - ???? ?????? ????? ?????,2017-03-31T03:05:53Z,1066971,9379.0,362,
125,7fmexf7LqpI,High quality Audio book of Nepal Nepali nobel Paagal basti upload by Subodh rai for all book readers,2017-04-15T15:56:52Z,155395,1127.0,63,
126,LRDVNWNwwtk,"Biography of B.P Koirala, Nepali Audio Book, PART 1",2020-08-26T19:05:23Z,41317,464.0,20,
127,NNpd3FjBnGI,The Greatest Salesman In The World Audiobook:,2020-10-27T14:33:29Z,163538,2792.0,105,
128,Iqmb9S0SBmA,??? ?? - Official Audio Novel Book - Full Part,2022-04-23T17:34:54Z,775644,13895.0,1383,
129,-TA9s1YqUGU,??????????? ?????? | A Real Story | Voice of Binisha | Heart Touching Love Story | Full Audio Novel,2023-08-02T14:50:00Z,88394,1277.0,169,
130,tCNPTOeu5HE,Full Audio Novel Book | Blue Diary | Krishna Acharya | Voice of Binisha,2023-06-09T14:50:01Z,28521,435.0,63,
131,C6QQHdFfE-Q,FULL: Bir Sikka Novel - The First Nepali story book written during Rana regime,2023-03-09T04:09:29Z,34028,358.0,12,
132,iHN4wUpbA80,COMRED ANJANA [?????? ??????] Nepali Audiobook katha | Achyut Ghimire Story,2023-12-15T01:01:09Z,37,1.0,0,
133,X9Q5mOjjdYc,??????? ??? | One Sided Love Story | Bipin Khanal | Voice of Binisha | Nepali Story Books,2023-11-01T14:50:02Z,32727,577.0,37,
134,yQLfGtS9C04,Radha Krishna Dharabasi Full Novel | ???? - ????? ?????? | Achyut Ghimire - Shruti Sambeg,2020-12-04T03:15:00Z,495061,6455.0,450,
135,zHLp0C_dENM,SIPAHI || ?????? ??? ||?????? : ?????????? ?????? ??????? || Nepali AudioBook || Rj Samir,2021-04-12T06:26:11Z,21012,742.0,38,
136,dLmpwdYabdY,The Communist Manifesto Audiobook in Nepali - ? ?????????? ?????????? | Karl Marx &amp; Friedrich Engels,2022-11-30T04:41:01Z,11817,258.0,10,
137,9CsItEWuhHw,?????? - ??????? ??????? ????? | Nepali Love Story | Voice of Binisha | Full Audio Story,2023-05-26T14:55:00Z,37117,542.0,40,
138,uzD6Na5wclg,The Richest Man in Babylon: Part 1 | ????????? ??? ????? : Nepali Audiobook | George S. Clason,2021-03-07T09:57:34Z,7431,270.0,37,
139,Vda0x5m-1os,?????? (Buhari) || Full Audio Book by Kailash Tengmali || Voice of Binisha || Nepali Social Story,2021-12-07T15:15:02Z,495469,8651.0,403,
140,F8lvBs-5Bvs,Rich Dad &amp; Poor Dad in Nepali,2020-11-19T17:32:48Z,119155,2346.0,65,
141,OZehHmCpDRg,??????? ??? ?? ??????? ?? FULL NOVEL ?? Shirish Ko Phool ??Nepali Audiobook || Blue Mimosa,2019-05-16T07:40:58Z,389896,5975.0,228,
142,SLJuqfP6Hu4,Ek Sarko Maya By GS Paudel | ?? ????? ???? | Narrated by Achyut Ghimire | Nepali Full Novel |,2019-09-12T19:49:52Z,840618,9973.0,1010,
143,ROJDDnPC-Ac,???????? ???? | Full Audio Book | Saraswati Sharma | Voice of Binisha | Nepali Love Story,2023-08-21T14:55:00Z,14986,235.0,31,
144,yS6lTMr-mRs,Taap - Sharada Sharma Full Audio Nepali Novel | ??? | Shruti Sambeg | Achyut Ghimire |,2021-03-17T12:15:01Z,37281,355.0,19,
145,F5RUEpKwcBk,? ?? ????? ????? ? ? ?? ????? ?? ? | Atomic Habits Nepali Book Summary,2021-06-03T14:45:37Z,11056,367.0,24,
146,HPpeGepwJkA,??????? ????? ??? - Full Story,2023-02-27T12:49:13Z,369969,7500.0,402,
147,,(Nepali Audiobook)Autobiography Of A Yogi,2019-08-27T09:47:09Z,1737,87.0,15,
148,MRVl-mYiTGQ,?????? ???????? ?????????? || ????? ?????? || Nepali Audiobook || Rj Samir The Storyteller,2022-08-29T13:31:15Z,26297,1558.0,116,
149,goJ9dCILIdk,"I am @Sushant_Pradhan Podcast, Dance @LOD,Nogens B day and Bangur Khana with Triza",2024-01-11T14:18:08Z,23735,1209.0,106,
151,wEaekw_jCdc,Uma Chamling Rai!! Biswa Limbu Podcast Ep 207 @UmaRaiOfficial,2024-01-07T14:08:03Z,52327,1990.0,127,
154,hyctoLvwICg,Purnima Lama !! Biswa Limbu Podcast Episode 205,2024-01-04T13:06:24Z,118323,4066.0,247,
155,uIB0HhAk2ys,Srijana Ningleku!! Biswa Limbu Podcast ep 194,2023-12-07T12:09:08Z,85312,3778.0,254,
157,PZTnqDVsVqM,Govin Puns extra talent mimicry ! Story behind his tiktok viral music ? Rapid Fire with Biswa Limbu,2021-08-07T14:20:19Z,189522,7368.0,338,
158,IAWaRUZVraM,Roshni RL Shah!! Biswa Limbu Podcast ep 192,2023-12-03T14:33:21Z,107585,3234.0,240,
161,KnkUHAoUULg,"?????? ????? ?????? ??? ?????? ? ??????? ?????? ?????,?? ??? ?????? ??,???? ????? ????? ????? ????",2023-10-16T10:27:49Z,48308,3018.0,255,
163,phTUGGgQ8jM,Kabita Nepali !! Nepali Podcast with Biswa Limbu ep 158,2023-08-27T15:10:36Z,179709,5056.0,430,
167,E68cn_u31hI,Harka Sampang A Revolution!! Biswa Limbu Podcast Ep 197,2023-12-14T05:31:46Z,57577,3247.0,329,
169,_Floo4miqmg,@Sushant_Pradhan !! BISWA LIMBU PODCAST EP 196,2023-12-12T10:23:58Z,30315,1593.0,125,
170,8nkbw4s4IWU,???? Biswa Limbu Exclueve Interview ||,2023-12-28T13:11:32Z,10053,619.0,54,
171,DQHfraQAckg,Monika Rai ????????? Uma Chamling ??:??! Uma sends consolation message to Monika @UmaRaiOfficial,2024-01-08T12:18:25Z,26170,701.0,30,
172,ygFvJB6vcNQ,"Suman Karki,Bharatmani Poudel,Binod Adhikari !! Biswa Limbu Podcast ep 201",2023-12-22T08:46:53Z,34427,1081.0,74,
174,-np23J5-3uk,??????? ???????? ??????? ??? ?????? ?????? ????? ????????? NAMBINHANG VISITS RELATIVES IN VILLAGE,2023-10-29T10:42:37Z,32417,1437.0,130,
175,BiDrpGPnmqc,Barsha DD (Zhang Yue) Chinese Jouranlist ? Nepali Podcast with Biswa Limbu ep 146,2023-07-31T12:09:23Z,273186,6759.0,408,
176,bABfIJgZ--w,??????? ? ?????? ???????? ????? ???? ????? ?????? || Bishwo Limbu podcast || Nepali Podcast,2023-08-17T13:42:37Z,58897,1785.0,92,
178,craJdUW_YXk,Salina Basnet!! Karishma KC!! Salon Basnet Family!! Nepali Podcast with Biswa Limbu ep 157,2023-08-25T08:24:07Z,104739,4560.0,155,
179,j-HWfLkW58Q,Daughter Romi becomes Barista ????!! Visiting her work place with Nambinhang,2023-11-18T14:59:56Z,72609,1456.0,106,
180,Yz_lMJvCQ2M,?????? ???? ???? ???? ????? ?????? : ???????????? ????? ??????? ??????? ??????! Bishwo Limbu Podcast,2023-08-17T13:50:03Z,3338,171.0,7,
181,rMqFNUiYpCk,Upasna Singh Thakuri gets distinction on Audio Check ??,2024-01-03T15:08:26Z,35746,1952.0,67,
182,epGGi4DmOTw,Our Home Update &amp; Chasok Tangnam Vlog!! ?? ???? ???????? ??????,2023-12-27T07:36:35Z,20390,583.0,102,
183,9PF4oAZtLKI,Hercules Basnet !! Nepali Podcast with Biswa Limbu ep 183,2023-11-07T13:48:48Z,120516,3302.0,211,
185,ZF-CONGCSlM,"Upasna Singh Thakuri talks about relationship,love and marriage!! Rapid Fire ??",2024-01-03T13:00:03Z,189457,4722.0,491,
186,OiQSVeFlkP0,"SUGARIKA KC!! FORMER MISS NEPAL,TRAINER,LECTURER!! NEPALI PODCAST WITH BISWA LIMBU EP 138",2023-07-13T10:04:18Z,50160,2312.0,147,
187,Ejx6Xh8fcvQ,Rekha Limbu as my couple on screen!! Music Video dropping ?? ????,2023-12-23T12:26:43Z,48222,1165.0,111,
188,wv2Ma3uvDZE,"Dinesh DC!! Director,TV Host,Actor,RJ !! Nepali Podcast with Biswa Limbu ep 162",2023-09-04T11:28:33Z,114176,3826.0,187,
189,6oz8kxEV65k,?? ???? ?????!! ??????? ?????? ??????? ??????..Visiting Home Construction Site with my daugthers,2023-05-27T15:46:43Z,107464,4607.0,172,
190,12hLSr3YZWY,??????? ???????? ?????? ??????? ?????? ?? ?? ? I AM IN MY BIRTH PLACE,2023-10-28T09:03:58Z,200603,7283.0,259,
191,uiCToJxzIl8,Epic Prank on Rekha Fago Limbu!! ???! ???? ????????? ???? ??,2023-08-18T12:34:07Z,36567,2162.0,208,
192,VuTz7JNKYtw,Biswa Limbu Podcast ep 202 !! Mayor Harka Sampang,2023-12-28T09:21:14Z,92510,3596.0,368,
193,GuljC17PF_Q,Ramesh Prasain !! Nepali Podcast with Biswa Limbu ep 93,2023-03-24T14:51:44Z,64734,4150.0,501,
194,Agk8oVXTIZQ,Voice of Nepal Finalist Nogen Limbu ??? ??????? ??? ???? ????? !! ??? ?????? ?????,2024-01-07T06:53:44Z,64685,2743.0,368,
196,STuZdxG6Ylo,Mechu Dhimal ll Nepali Podcast with Biswa Limbu ep 161,2023-09-02T07:35:25Z,27010,1193.0,88,
197,WNSCs1qF71Y,Chiran Rai plans to go Korea? SHINHWA fulfills his Dream,2023-12-09T16:11:10Z,26297,1558.0,116,
199,QvjobNyflq4,Episode 31: Chanira Bajracharya | Sushant Pradhan Podcast,2022-03-11T12:15:01Z,170580,1167.0,149,
200,HO1_5qZLzvE,"Episode 177: Krish Thapa | British Gurkha, Culture, Masculinity, Meditation| Sushant Pradhan Podcast",2023-08-18T12:15:01Z,39987,580.0,96,
201,jM_wWgyKWc0,"Episode 213: Bigyan Babu Regmi | Economy, Trade, Inflation, Brain Drain | Sushant Pradhan Podcast",2023-12-22T12:15:03Z,15395,300.0,153,
203,Lg9SaDfUkVc,"Episode 216: Yaddhab Lal Kayastha | Heritage Conservation, Stolen Statues | Sushant Pradhan Podcast",2024-01-02T12:15:01Z,20665,325.0,60,
205,9chw2c1AGdg,"Episode 214: Saurav Dahal | International Relations, Global Politics | Sushant Pradhan Podcast",2023-12-26T12:30:06Z,25498,495.0,119,
206,7AEHcyW8rkU,"Episode 201: Dr. Amar Ghimire | Life, Laws and Philosophy | Sushant Pradhan Podcast",2023-11-10T12:15:00Z,69688,1100.0,251,
207,ulZz0aYFiB4,"Episode 205: Saroj Neupane | Energy, Spirituality, Mental Health, Astrology |Sushant Pradhan Podcast",2023-11-24T12:15:07Z,1114,32.0,1,
208,xCEvkB5S7MY,"Episode 199: Dipak Gyawali | Israel-Palestine, History, Media, Economy | Sushant Pradhan Podcast",2023-11-03T12:15:06Z,159299,2888.0,771,
209,NI1LLHm822o,Nepal 8th Wonder&#39;s Team On Creating Travel Content In Nepal | Sushant Pradhan Podcast,2023-12-03T13:15:01Z,200712,2933.0,512,
211,mhhQv5OBdJA,Episode 30: Prof. Mohan Prasad Khanal | Sushant Pradhan Podcast,2022-03-08T12:15:02Z,170260,2548.0,527,
212,uHaMijtAsyw,Yaddhab Lal Kayastha Expresses Frustration Over Kathmandu&#39;s Mayor&#39;s Unconcern | Sushant Pradhan,2024-01-02T13:15:05Z,42275,540.0,50,
214,a_DQi7PVjMk,"Episode 192: Yural Maskey &amp; Pratima Adhikari | GadgetByte, IOS, MDMS, Influencers | Sushant Pradhan",2023-10-10T12:15:00Z,7250,160.0,10,
215,4YwlQ_iitm8,"Episode 134: Sunny Kumar Labh | Physics, Astrology, Horoscopes | Sushant Pradhan Podcast",2023-03-17T12:25:00Z,28173,358.0,80,
216,51RXw43UTmw,Why Are Graduates Unemployed In Nepal? | Shisir Khanal | Sushant Pradhan Podcast,2023-12-29T13:15:00Z,19473,235.0,24,
217,XBnPQqrL6hU,"Episode 209: Basant Kumar Chaudhary| Business, Brain Drain, Economy, Tourism|Sushant Pradhan Podcast",2023-12-08T12:15:02Z,151953,1014.0,105,
218,rmYvNbqnvAk,"Episode 215: Shisir Khanal | Education System, Challenges &amp; Solutions | Sushant Pradhan Podcast",2023-12-29T12:15:05Z,5579,126.0,6,
219,rHz6D3lfoAY,"Episode 131: Prashant Singh | Geopolitics, History, Economy, Climate | Sushant Pradhan Podcast",2023-03-04T12:15:05Z,119822,2133.0,167,
220,mRzk8P5wqaI,How Did Ramchandra Shrestha Get Into Russian Army? | Sushant Pradhan Podcast,2023-12-14T12:15:05Z,305260,3793.0,451,
221,WgWWidmhr18,Episode 25: Rookmangud Katwal | Sushant Pradhan Podcast,2022-02-23T12:15:02Z,10709,221.0,32,
222,78gS4HlYGi8,"Episode 69: Quantum Mechanics, Sunny Kumar Labh | Sushant Pradhan Podcast",2022-07-24T12:15:00Z,37437,635.0,42,
223,gETuDmRE8gc,How Did Ramchandra Shrestha Escape From The Russian Army? | Sushant Pradhan Podcast,2023-12-13T14:15:02Z,1226,26.0,2,
224,wNZ9MOFuwDc,"Episode 175: Rachin Kalakheti | Blockchain, Startups, Studying at Stanford | Sushant Pradhan Podcast",2023-08-11T12:15:07Z,2967,30.0,9,
225,EUM8Fkm5UvE,Sushant Pradhan &amp; Saroj Neupane Discuss Souls &amp; Reincarnation | Sushant Pradhan Podcast,2023-11-24T14:15:00Z,669080,4898.0,506,
226,fDZ0E8O5O5g,What Really Happened At Norvic Hospital? | Basant Chaudhary | Sushant Pradhan Podcast,2023-12-09T13:15:04Z,17791,193.0,20,
228,PBUiXVm3JtQ,"Episode 196: Subash Rijal | NAC, It&#39;s Downfall, Scandals, Corruption | Sushant Pradhan Podcast",2023-10-24T12:15:02Z,31531,556.0,160,
229,CjjCilSTRV8,Basant Kumar Chaudhary Speaks Up On Disrespect Towards Marwadi Community | Sushant Pradhan Podcast,2023-12-08T13:15:00Z,157865,2149.0,552,
230,L2KZ-keD4wo,Episode 72: Prof. Mohan Prasad Khanal | Sushant Pradhan Podcast,2022-07-30T12:15:01Z,32786,370.0,92,
231,dqY9drUWYOs,"Episode 188: Aahuti | Socialism, Caste System, Education, MCC, Population | Sushant Pradhan Podcast",2023-09-26T12:15:03Z,2598,52.0,3,
232,qycneE00YjQ,"Psychedelics, Stuck in Mustang, Man self immolates W/ Sushant Pradhan | Guff Guff Pass Ep 109",2023-02-01T12:15:03Z,7815,161.0,32,
233,A9u-ks2M4JA,How Far Off Are Nepali Universities From Foreign Universities? | Shisir Khanal | Sushant Pradhan,2023-12-29T14:15:00Z,54979,984.0,93,
234,6Fn4j-XQVCI,"Episode 202: Dr. Dinesh Panday | Food Security, Fertilizers, Policies | Sushant Pradhan Podcast",2023-11-14T12:15:00Z,5750,123.0,10,
235,zu-QqfFE7iw,Episode 100: Guff Guff Pass | Sushant Pradhan Podcast,2022-11-14T12:15:03Z,425350,4633.0,518,
236,-KQ7Z6zoEZ4,Why Students Need To Think It Through Before Travelling Abroad | Bigyan Babu Regmi | Sushant Pradhan,2023-12-22T13:15:00Z,4867,96.0,21,
238,aNsbmmTzQv4,Ramcharan Shrestha Requests Nepalese To Not Apply For The Russian Army | Sushant Pradhan Podcast,2023-12-15T12:15:00Z,366235,5963.0,242,
240,irmRBVwrzpo,Episode 6: Sisan Baniya | Sushant Pradhan Podcast,2021-12-02T12:15:04Z,20624,546.0,54,
241,bsiTHSVyC8c,"Episode 189: Krish Thapa | SAS Training, War Stories, Weapons, Faith | Sushant Pradhan Podcast",2023-09-29T12:15:03Z,38822,625.0,44,
243,LsQuFmQFK9I,"Episode 178: Uniq Poet &amp; Symfamous | Conspiracies, History, Music, AI | Sushant Pradhan Podcast",2023-08-22T12:15:27Z,1627,44.0,1,
244,2FlDGzQnCYw,"Lama Backlash, Social Media motivation W/ Sushant Pradhan | Guff Guff Pass Ep 94",2022-06-22T12:15:00Z,108071,1118.0,71,
245,6iB8ZlP5kxg,Sushant Pradhan &amp; Nepal 8th Wonder&#39;s Team Discuss The TikTok Ban | Sushant Pradhan Podcast,2023-12-02T12:15:00Z,27010,1193.0,88,
246,F26JoM2rjBU,"Episode 153: Swapnil Sharma | Music Industry, Artists, Business, Government| Sushant Pradhan Podcast",2023-05-26T12:15:02Z,26297,1558.0,116,
247,_vXeFx-Ce64,"Anish Adhikari II Student life in Denmark II The Dhaka Topi, Episode 32 II Saroj Lamichhane",2023-12-02T15:31:06Z,2655,73.0,19,
248,KzASxaM7p7c,"Santosh Giri,Episode 27 @sushimansantosh The Dhaka Topi, Saroj Lamichhane #learnsushi #sushirolls",2023-08-13T14:08:57Z,2000,79.0,13,
249,ij_2rT0nhbo,"Struggle Story of Resha Sharma,Episode 25 II The Dhaka Topi, Saroj Lamichhane #nepaliinportugal",2023-07-16T11:27:25Z,3663,110.0,24,
250,7euN6yriJes,"????????? ??? Saigrace Pokharel@Saigrace The Dhaka Topi,Episode 24,Saroj Lamichhane #saigrace",2023-06-17T14:30:40Z,4644,160.0,45,
251,cUaU7KR9b10,"Advocate Babukaji Dahal,Episode 31 IIThe Dhaka Topi, Saroj Lamichhane #nepalipodcast #thedhakatopi",2023-11-11T15:12:45Z,523,26.0,4,
252,ZBmACGdz1mI,The Dhaka Topi Podcasts II Episode 01 II Nabin Chhetri II ?? ???? ???? II Saroj Lamichhane,2022-09-02T05:42:27Z,4000,199.0,32,
253,kDrG_ZlZNh8,"Dr.Ravi Srivastav,Episode 33 II The Dhaka Topi II Saroj Lamichhane #Doctorsinnepal #nepalidoctor",2024-01-07T15:06:30Z,239,18.0,7,
255,xzEcvIkp12k,"????? ????? ?????,The Dhaka Topi II Saroj Lamichhane #nepalipodcasts",2023-11-22T15:21:52Z,628,29.0,15,
256,VcMw5RmtdB0,"???????? ????? ????? ?????? Karen Valentin II The Dhaka Topi, Saroj Lamichhane #thedhakatopi",2023-07-28T14:05:23Z,11062,408.0,58,
257,SXP2VlPHkTE,"??????? ???????? ???? Episode 18 , Santoshi Sapkota II The Dhaka Topi II Saroj Lamichhane, Nepali",2023-04-07T11:24:27Z,2288,92.0,16,
258,MnzstmBNsPg,"????? ?? ??? ?????? ,Samir Tamang II Episode 15,The Dhaka Topi II Saroj Lamichhane #nepalipodcast",2023-03-08T08:44:12Z,8765,227.0,64,
259,-JL4_3eQ23o,"Bibha Niraula IIThe Dhaka Topi,Episode 13, Nepali Podcasts II Saroj Lamichhane,Autism, Autistic kid",2023-01-31T11:12:04Z,1906,91.0,7,
260,wb1ksR1L5p8,"Part 2,Samir Tamang (Episode 15)The Dhaka Topi II II Saroj Lamichhane ???,?????? ??? #nepalipodcast",2023-03-08T08:44:26Z,950,41.0,30,
261,j-zKK3ViMM4,"Airport pickup,CPR Registration,All about Nepalese in Denmark,Saroj Lamichhane #nepaliindenmark",2023-09-15T14:10:03Z,70,8.0,0,
262,EVLcz7YNaEY,??????? ???????? ???? ??????? ????? ???????? Advocate Babukaji IIThe Dhaka Topi II Saroj Lamichhane,2023-11-16T15:09:54Z,2163,76.0,19,
263,aId2jBILGcc,Sujina Thapa @Yogawithsujina II Yoga Instructor II Episode 11 II The Dhaka Topi II Saroj Lamichhane,2022-12-18T08:41:15Z,265,16.0,4,
264,FL9RX2cjfTw,"@sunitadulal ?? ????????? ????????,Episode 29II The Dhaka Topi II Saroj Lamichhane #nepalipodcasts",2023-09-24T14:18:42Z,4988,223.0,44,
265,EGSiLJecxIQ,"The Dhaka Topi Podcasts II Full Episode 03, Dr.Bharat Chhetri II ?? ???? ???? II Saroj Lamichhane",2022-09-17T13:38:06Z,579,14.0,2,
266,M0pGz7284MU,"The Dhaka Topi, Saroj Lamichhane",2023-07-19T15:30:39Z,130,14.0,1,
267,oBamFvKHWD4,"Denmark ?? ??? ????? ???? ?????? ?????? ????? ?????? II The Dhaka Topi, Saroj Lamichhane",2023-12-02T14:05:59Z,447,19.0,3,
268,DmJZ_YKfFgA,"??????? ????????? ??? ? ??????, Sandip Subedi II The Dhaka Topi II Saroj Lamichhane,Episode 28",2023-09-05T14:36:11Z,1534,44.0,2,
269,uwezzH3PpCw,"????????? ???,Subash Dhungana II Episode 21 II The Dhaka Topi Podcasts, Saroj Lamichhane",2023-05-12T11:24:08Z,986,41.0,12,
270,lpsVzOpHqHk,"The Dhaka Topi Podcasts II Episode 06, Namgyal Tamang II ?? ???? ???? II Saroj Lamichhane",2022-10-16T13:37:08Z,1805,51.0,29,
271,nG95coRrK1s,"????????? ?????? ???? ! Janak Baral Episode 17,The Dhaka Topi ,Saroj Lamichhane,Nepali Podcasts",2023-03-30T08:26:18Z,273,12.0,1,
272,X8cjwbpyFEM,"All About Sushi @sushimansantosh The Dhaka Topi, Saroj Lamichhane #sushi #sushiroll #sushiman",2023-08-13T09:21:03Z,172,9.0,0,
273,1aqP_BDXflo,"Karen talks about Nepalese in Denmark II The Dhaka Topi,Episode 26 II Saroj Lamichhane #nepaleseindk",2023-08-22T15:23:29Z,667,16.0,3,
274,IYKufVHBhSo,"Left vs Right : Which is the best ? Episode 30,Krishna Dhanusk II The Dhaka Topi, Saroj Lamichhane",2023-10-09T14:12:58Z,228,14.0,0,
275,eZesyTUViIA,"??? ?????? Saigrace ???? Hug ? @Saigrace The Dhaka Topi, Saroj Lamichhane #saigrace #saigracestory",2023-06-23T14:33:40Z,384,14.0,2,
276,zD6JSyWMDKg,"??? Portugal ?? ! Resha Sharma,Episode 25 II The Dhaka Topi, Saroj Lamichhane #nepaliinportugal",2023-07-16T10:43:16Z,103,10.0,0,
277,tLnbx5MXg8c,"Episode 12, Deepak Kumar Tiwari #thedhakatopi #nepalipodcast #dhakatopi",2023-01-26T10:47:20Z,868,33.0,14,
278,4NBtwDstYxU,Anuja Gautam II The Dhaka Topi Podcasts II Episode 09 II Nepali Blind Girl II Saroj Lamichhane,2022-11-13T06:57:38Z,600,27.0,4,
279,XVw8hqwNUck,The Dhaka Topi Podcasts II Episode 02 II Sapana Khadka II ?? ???? ???? II Saroj Lamichhane,2022-09-10T04:25:01Z,298,17.0,0,
280,kxwWsTb9qDs,#sarojlamichhane #podcast #thedhakatopi #nepalipodcast #onairpodcast #onair #dhakatopi #nepali,2023-05-16T11:11:36Z,2730,93.0,14,
281,VFGztbhMIuQ,"Laxmi Belbase II ???? ?????? ???? Single Mother?????? ??????,Episode 13 Trailer II Saroj Lamichhane",2023-02-23T10:54:02Z,49,7.0,0,
282,PBM5jQWAsk8,#thedhakatopi #podcast #nepalipodcast #dhakatopi #nepaleseinforeign #nepalipodcast #onair,2023-04-28T14:03:11Z,110,4.0,0,
283,0ZvIdsGqs3c,#sarojlamichhane #podcast #thedhakatopi #nepalipodcast #dhakatopi #onairpodcast #nepaleseinforeign,2023-05-05T15:33:10Z,118,2.0,0,
284,osHqnHwiBU0,#thedhakatopi #podcast #sarojlamichhane #onairpodcast #nepalipodcast #nepaleseinforeign #onair,2023-04-30T15:42:26Z,62,2.0,0,
285,JM8gWFZPWa0,#sarojlamichhane #podcast #thedhakatopi #nepalipodcast #nepaleseinforeign #onairpodcast #dhakatopi,2023-05-25T09:55:32Z,120,7.0,0,
286,quKnzGyjo5s,#sarojlamichhane #podcast #thedhakatopi #nepalipodcast #onair onairpodcast #onair #onair #??????,2023-05-08T14:43:32Z,1212,107.0,32,
287,QTy5mf6I6nw,The Dhaka Topi Podcasts II Introduction II ?? ???? ???? II Saroj Lamichhane,2022-08-29T08:35:00Z,57,5.0,0,
288,vAj4K3hHDjw,#podcast #thedhakatopi #nepalipodcast #dhakatopi #nepaleseinforeign #?????? #onairpodcast #onair,2023-04-25T14:39:23Z,34,2.0,0,
289,hCSMLNnRU0M,#thedhakatopi #podcasts #sarojlamichhane #nepaleseinforeign #?????? #onairpodcast #podcast,2023-05-26T16:34:33Z,58284,2796.0,87,
290,btOaIxwLJtk,Dhaka Topi | The Elements,2020-05-09T10:15:12Z,143,8.0,0,
291,13NuOEZMnAE,"Episode 21 Trailer,Subash Dhungana II Saroj Lamichhane II The Dhaka Topi Podcasts,Nepali Podcasts",2023-05-12T07:57:29Z,51,3.0,0,
292,hVBVSAaclnw,#thedhakatopi #nepalipodcast #sarojlamichhane #podcast #nepaleseinforeign #nepalipodcasts #onair,2023-05-22T17:02:47Z,1898,43.0,12,
293,bjNN3bGeVzM,The Dhaka Topi Podcasts II Episode 02 II Sapana Khadka II ?? ???? ???? II Saroj Lamichhane,2022-09-09T11:27:54Z,92,11.0,0,
294,p6ElMUGHMKI,??????? ??? ???? ????? Episode 16 #podcasts #thedhakatopi #nepali #nepal,2023-03-25T12:55:29Z,367,9.0,0,
295,hq363WJS0Bo,???? ???? ?? ??? ? #sarojlamichhane #podcast #thedhakatopi #nepalipodcast #onairpodcast #onair,2023-05-04T14:31:16Z,35,2.0,0,
296,0zepIWxhxCA,#thedhakatopi #podcasts #sarojlamichhane#nepaleseinforeign #podcast #????? #onairpodcast #onair,2023-05-27T15:29:05Z,26297,1558.0,116,
297,EhCmL4CfbPQ,Aajako Rashifal Poush 27 | 12 january 2024| Today&#39;s Horoscope arise to pisces | aaj ka rashifal,2024-01-11T11:15:02Z,6136,372.0,11,
298,_006ihNooCI,Aajako Rashifal Poush 26| 11 january 2024| Today&#39;s Horoscope arise to pisces | aaj ka rashifal,2024-01-10T11:15:02Z,6584,352.0,11,
299,IlvL0Fwfssg,Aajako Rashifal Poush 25 | 10 january 2024| Today&#39;s Horoscope arise to pisces | aaj ka rashifal,2024-01-09T11:15:01Z,6857,372.0,17,
300,jJBYGdgD_iI,Aajako Rashifal Poush 22 | 7 january 2024| Today&#39;s Horoscope arise to pisces | aaj ka rashifal,2024-01-06T11:15:03Z,7410,414.0,17,
303,BcIyjXOl3LU,Aajako Rashifal Poush 24 | 9 january 2024| Today&#39;s Horoscope arise to pisces | aaj ka rashifal,2024-01-08T11:15:01Z,3653,250.0,8,
304,5phebtmN87k,Aajako Rashifal Poush 23 | 8 january 2024| Today&#39;s Horoscope arise to pisces | aaj ka rashifal,2024-01-07T11:15:00Z,53904,3488.0,135,
306,QDzE18mh_6M,Aajako Rashifal Poush 26 || January 11 2024 || Today&#39;s Horoscope aries to pisces| aajako rashifal,2024-01-10T11:55:42Z,50678,3471.0,120,
308,g7dSqMDwxPw,"Today rashifal Push 27, Daily Horoscopes, Dainik Rashifal, Earn Money Daily life, Aajako Rashifal,",2024-01-11T17:12:55Z,55095,3540.0,129,
310,_rIVyBJ12OQ,Aajako Rashifal Poush 27 || January 12 2024 || Today Horoscope aries to pisces| aaj ka rashifal,2024-01-11T11:45:02Z,3186,,18,
311,7vYK7Nc2LiQ,"??? 2 ??? ??? 9 ???? ???????, ???? ???? ??? ?????? ???, Rashifal, Horoscope, Daily income EarnMoney",2024-01-11T15:22:21Z,32136,2129.0,30,
312,TKIYEIY35t0,??????? ???? ? ???????/??? ?????? ???????/new speech shreeguru/nepali speech,2022-08-14T05:05:59Z,141943,3604.0,114,
313,PGMKuKrorA0,"??????? ????? ???? ???? Kanya Rashifal 2080 Virgo horoscope 2023 ??????,???,???? ? ???? Nepali Rashi",2023-03-16T00:53:49Z,7596,377.0,22,
314,4uFMYUbR7iI,"???? ???? ??? ????? ???????? ?????? | Tula Rashi 2080 Magh |magh mahina ko rashifal, adhyatmajyotish",2024-01-06T04:49:41Z,12590,478.0,14,
315,3Eud3c6WlfA,Kumbha rashi | ??? ??????? ?????? rashifal / Magh Mahina Ko Rasifal 2080,2024-01-02T11:19:10Z,125945,3311.0,162,
316,GoOiQiDybXU,"??????? ????? ?????? ???? Mithun Rashifal 2080 Gemini horoscope 2023 ??? ???,???,???? ? ???? Nepali",2023-03-12T01:35:11Z,41088,,56,
317,zEldIaRjAwU,??? ?????? ???? (Aries) Mesh Rashifal | Mesh Rashi 2080 Nepali | Mesh Rashi | Mesh Rashi 2023,2023-03-25T13:16:13Z,186011,4265.0,164,
318,Xcw13G4Nduw,"??????? ???? ???? ???? Tula Rashifal 2080 Libra horoscope 2023 ??? ???,???,???? ? ???? Nepali Rashi",2023-03-18T23:51:00Z,2827,121.0,3,
319,1dzOCnLnQrM,vrishchik rashi 2024 nepali || ??????? ???? 2024 ?? ???? ???? || aajako rashifal,2024-01-07T08:44:34Z,6890,346.0,27,
320,8KXl88Nkb5I,"??? 1 ??? ??? ????? ????? ?????? 10 ????, Monthly Rashifal, magh mahinako Rashifal, Earn Money magh",2024-01-10T12:20:13Z,18782,1032.0,69,
321,QyrUu_vQhGg,Aajako Rashifal Poush 25 || January 10 2024 || Today Horoscope aries to pisces| aaj ka rashifal,2024-01-09T11:45:01Z,100784,3150.0,81,
322,_cIK3S-1_SM,??????? ?????? ???????? ?????? ???????? ???????? - Brischik Rashifal Nepali,2019-07-27T01:58:38Z,126775,3277.0,156,
323,N69hLPlVQhc,"??????? ??? ?????? ???? Meen Rashifal 2080 Pisces horoscope 2023 ??? ???,???,???? , ???? ? ????? ?",2023-03-28T09:33:07Z,169752,5099.0,203,
324,X-5meNWe-BI,2080 singh Rashi |???? ?????? ???? Leo | singh rashi 2080 nepali | 2080 ko rashifal | Rashifal 2023,2023-02-24T12:44:00Z,50535,1696.0,62,
325,UrWHuKZaGtg,???? ???? ?????Singha Rashi 2080 ? Leo 2080? Singha Rashi 2080 nepali ? 2080 ko rashifal 2023 Rashi,2023-03-20T10:15:03Z,9339,692.0,32,
326,A_qEibEeseg,??? ?? ????? ??????/????? ??????/???? ??????/dally rasifal/aajako rasifal/january - 8 /shreeguru,2024-01-07T12:15:11Z,157236,4408.0,123,
327,Pgxjixg_YqU,????? ?????? 2080 (Gemini) | Mithun Rashifal 2080 | mithun rashi 2080 | Nepali Rashifal 2023,2023-02-22T12:48:26Z,177640,6081.0,283,
328,kvMf_o15IF0,??? ?????? ???? (Pisces)| Meen Rashi 2080 || Min rashi 2080 nepali || Nepali Rashifal 2023,2023-02-28T12:59:16Z,188291,6311.0,339,
329,e9nRS8CURQE,??????? ?????? 2080 (Scorpio) | Vrishchik rashi 2080 | brischik Rashi 2080 nepali | Rashifal 2023,2023-02-27T00:03:38Z,9208,376.0,16,
330,2TBH0kXuhNE,tula rashi 2024 || ???? ???? 2024 ?? ???????????? ???? || tula rashi aajako rashifal,2024-01-04T00:42:00Z,123141,3198.0,116,
331,POx6ygmKeR0,"??????? ??? ?????? ???? Brish Rashifal 2080 Taurus horoscope 2023 ??? ???,?????,???? ? ???? Nepali",2023-03-11T02:01:14Z,267817,11339.0,1104,
332,GOec5bkFoNc,???? ?????? ??????? ?????? ? ?? ????????? ???? ??????? ?????? ??? ???? 2023 Horoscope Kuber Subedi,2023-04-11T02:18:53Z,537,37.0,1,
333,YnEV6hSqACk,????? ??????? ???????? ?? ?? ???????????? ??? ??????? -???? #jyotish #Tikapoudel #aajakorashifal,2024-01-09T12:55:04Z,183623,5472.0,202,
334,4xckpyW8vI8,??? ???? 2080 (Taurus) | Brish rashifal 2080 | brish rashi 2080 | Nepali Rashifal 2023,2023-02-21T12:44:06Z,36248,,37,
335,7p9lMQ3RM4I,??? ???? 2080 (Taurus) Brish rashifal 2080 | brish rashi 2080 | Nepali Rashifal 2023,2023-03-25T13:39:03Z,104556,2599.0,134,
336,YDiqJB6Ur8k,??? ???? ???? ????????? ?????? ????????? | Nepali Jyotish Tips | Jyotish Saathi,2020-01-23T15:07:08Z,21494,1056.0,37,
337,cHFu8NF7wrw,Saptahik Rashifal | ????????? ?????? | Poush 22 to 28 | 2024 January 7 to 13 | Weekly Horoscope,2024-01-05T11:34:16Z,167130,5642.0,299,
338,J69NryC3Q6k,????? ?????? ???? (Aquarius)| Kumbha Rashi 2080 | Kumbha rashi 2080 nepali | Nepali Rashifal 2023,2023-02-28T00:21:06Z,105930,2527.0,93,
339,eGhkkc5B9g8,"??????? ????? ?????? ???? Karkat Rashifal 2079 Cancer horoscope2023 ??? ???,???,???? ? ???? Nepali",2023-03-13T13:58:30Z,17480,1042.0,49,
340,bCyqa5E-MVY,Aajako Rashifal Poush 23 || January 8 2024 || Today Horoscope aries to pisces| aaj ka rashifal,2024-01-07T11:45:03Z,30674,1765.0,72,
341,aSf0QQuuJx8,Aajako Rashifal Poush 27 | Today&#39;s Horoscope 12 January 2024 || aajako rashifal || rashifal today,2024-01-11T11:56:38Z,376,33.0,0,
342,ksS7GqNp3No,Aajako rashifal ??? ?? ???????? ??? || ???? || Horoscope 12 January 2024 Friday ||????_?????? ||,2024-01-11T10:55:12Z,156287,4382.0,235,
343,Utv5N-CDa_o,"??????? ???? ???? ???? Singh Rashifal 2080 Leo horoscope 2023 ??? ???,???,???? ? ???? Nepali Rashi",2023-03-15T01:42:35Z,103186,1738.0,102,
344,p8BfvbTNBKc,???? ????? ??????? ?????? | 2080 saal ko barshik rashifal | Rashifal 2080|Jyotish Vigyan|Tulasi Guru,2023-02-25T01:29:22Z,28605,1656.0,53,
345,r_dVIdEakI0,Aajako Rashifal Poush 26 | Today&#39;s Horoscope 11 January 2024 || aajako rashifal || rashifal today,2024-01-10T11:53:10Z,34219,1924.0,95,
346,jnLmnLkJlJk,Aajako Rashifal Poush 23 | Today&#39;s Horoscope 8 January 2024 || aajako rashifal || rashifal today,2024-01-07T12:00:32Z,26297,1558.0,116,
354,34ym7LOqyeY,Aajako Rashifal Mangsir 27 || December 13 2023 || Today&#39;s Horoscope aries to pisces| aajako rashifal,2023-12-12T12:52:37Z,51439,3258.0,148,
355,caqWdgBF1-I,Aajako Rashifal Poush 21 || January 6 2024 || Today&#39;s Horoscope aries to pisces| aajako rashifal,2024-01-05T11:51:04Z,50174,3102.0,116,
358,fv3jm7l496Q,Aajako Rashifal Mangsir 28 |14 December 2023 | Today&#39;s Horoscope arise to pisces | aaj ka rashifal,2023-12-13T11:59:17Z,41564,2928.0,127,
360,_q-_Xp5u7wg,Aajako Rashifal Mangsir 25 || December 11 2023 || Today&#39;s Horoscope aries to pisces| aajako rashifal,2023-12-10T11:53:19Z,42031,2883.0,129,
362,AsCZORx01A8,"???? ?????? | ???? ??? ??? ?? ??? ?????? | January 08, 2024 | 2080 Poush 23 | Aaja Ko Rashifal",2024-01-07T14:10:00Z,17560,,52,
364,by9MgjbznrY,Aajako Rashifal Poush 16 || January 1 2024 || Today&#39;s Horoscope aries to pisces| aajako rashifal,2023-12-31T12:00:32Z,45454,3096.0,135,
366,9pcA36H94mU,Aajako Rashifal Poush 11 || December 27 2023 || Today&#39;s Horoscope aries to pisces| aajako rashifal,2023-12-26T11:55:07Z,44630,3119.0,136,
367,-xtO_c52yAk,Aajako Rashifal Mangsir 30 || December 16 2023 || Today Horoscope aries to pisces| aajako rashifal,2023-12-15T12:16:10Z,38807,2715.0,117,
369,iCQ6CK7p55E,Aajako Rashifal Poush 14 || December 30 2023 || Today Horoscope aries to pisces| aajako rashifal,2023-12-29T11:54:09Z,42164,3020.0,110,
370,uvuANa8T0e4,Aajako Rashifal Poush 5 || December 21 2023 || Today&#39;s Horoscope aries to pisces| aajako rashifal,2023-12-20T12:16:05Z,49749,3425.0,126,
373,86fnluK-9sM,Aajako Rashifal Poush 10 || December 26 2023 || Today Horoscope aries to pisces| aajako rashifal,2023-12-25T11:54:16Z,46931,3068.0,108,
374,DsXpG9z_Cp4,"???? ?????? | ???? ??? ??? ?? ??? ?????? | January 07, 2024 | 2080 Poush 22 | Aaja Ko Rashifal",2024-01-06T14:10:00Z,18072,,65,
376,W3T0gI_Sjwg,Aajako Rashifal Poush 9 || December 25 2023 || Today&#39;s Horoscope aries to pisces| aajako rashifal,2023-12-24T12:01:07Z,41075,3067.0,109,
377,NMrTjl1nXqE,Aajako Rashifal Poush 2 || December 18 2023 || Today Horoscope aries to pisces| aajako rashifal,2023-12-17T12:05:17Z,46375,3259.0,117,
379,o_9l9jsibQM,Aajako Rashifal Mangsir 21 || December 7 2023 || Today&#39;s Horoscope aries to pisces| Aajako Rashifal,2023-12-06T11:55:53Z,49560,3158.0,152,
380,qbgPS6MT7bk,Aajako Rashifal Poush 3 | December 19 2023 || Today&#39;s Horoscope aries to pisces || aajako rashifal,2023-12-18T12:16:07Z,46595,3227.0,136,
381,j-EkaFoeGwU,Aajako Rashifal Mangsir 24 || December 10 2023 || Today Horoscope aries to pisces| Aaj ka Rashifal,2023-12-09T12:16:07Z,38072,2717.0,154,
382,DkzeLTPN6x8,Aajako Rashifal Poush 8 || December 24 2023 || Today Horoscope aries to pisces| aajako rashifal,2023-12-23T12:15:30Z,42402,3044.0,128,
383,4Z5-MmbqqRk,Aajako Rashifal Asoj 26 || October 13 2023 || Today Horoscope aries to pisces | Aajako Rashifal,2023-10-12T12:47:06Z,44620,2789.0,101,
384,A0399SSLo7U,Aajako Rashifal Magsir 23 || December 9 2023 || Today&#39;s Horoscope aries to pisces| Aajako Rashifal,2023-12-08T12:16:20Z,38460,2668.0,207,
385,9bAvTzS8E6E,Aajako Rashifal Saun 27 || August 12 2023 || today&#39;s Horoscope aries to pisces | aajako Rashifal,2023-08-11T12:49:06Z,44036,2865.0,107,
386,qgnC2qsSWJ0,Aajako Rashifal Mangsir 20 || December 6 2023 || Today Horoscope aries to pisces| Aajako Rashifal,2023-12-05T12:53:24Z,42757,2777.0,214,
387,1R9gaGrgN_A,Aajako Rashifal Magsir 22 || December 8 2023 || Today Horoscope aries to pisces| Aajako Rashifal,2023-12-07T12:21:42Z,45886,2956.0,140,
388,WRLIEuYPf4E,Aajako Rashifal Kartik 13 || October 30 2023 || Today&#39;s Horoscope aries to pisces | Aajako Rashifal,2023-10-29T12:46:49Z,44089,2659.0,80,
389,X7tr9YTcuKA,Aajako Rashifal Kartik 17 || November 3 2023 || Today&#39;s Horoscope aries to pisces| Aajako Rashifal,2023-11-02T12:48:50Z,46884,2881.0,94,
390,V0aoNdriwXc,Aajako Rashifal Kartik 16 || November 2 2023 || Today Horoscope aries to pisces| Aajako Rashifal,2023-11-01T12:46:23Z,46599,2971.0,114,
391,FdMUHt5If90,Aajako Rashifal Kartik 9 || October 26 2023 || Today&#39;s Horoscope aries to pisces | Aajako Rashifal,2023-10-25T12:17:58Z,32350,1910.0,61,
392,Fypn-JZEB2Q,Aajako Rashifal Kartik 4 || October 21 2023 || Today Horoscope aries to pisces | Aajako Rashifal,2023-10-20T11:56:04Z,45746,2866.0,80,
393,nVfydMhRwpA,Aajako Rashifal Kartik 12 || October 29 2023 || Today Horoscope aries to pisces | Aajako Rashifal,2023-10-28T12:51:02Z,42791,2619.0,85,
394,U-DmsBrBsT0,Aajako Rashifal Kartik 14 || October 31 2023 || Today Horoscope rashifal today| Aajako Rashifal,2023-10-30T13:13:25Z,42112,2643.0,76,
395,8AqleaX9CVU,Aajako Rashifal Kartik 20 || November 6 2023 || Today Horoscope aries to pisces | Aajako Rashifal,2023-11-05T12:19:27Z,50521,3023.0,150,
396,2g2d-06tw2Q,Aajako Rashifal Kartik 19 || November 5 2023 || Today&#39;s Horoscope aries to pisces | Aajako Rashifal,2023-11-04T12:46:22Z,45038,2741.0,76,
